{"stat.chestOpened":5,"stat.flyOneCm":1417,"stat.walkOneCm":76623,"stat.craftItem.minecraft.birch_fence":12,"stat.jump":13,"stat.pickup.minecraft.egg":16,"stat.craftItem.minecraft.sign":3,"stat.playOneMinute":26277,"stat.craftItem.minecraft.item_frame":34,"achievement.openInventory":30,"stat.climbOneCm":1300,"stat.pickup.minecraft.torch":9,"stat.useItem.minecraft.egg":1,"stat.leaveGame":1,"stat.sneakTime":31,"stat.pickup.minecraft.item_frame":3,"stat.timeSinceDeath":26277,"stat.craftItem.minecraft.torch":11,"stat.sprintOneCm":212,"stat.craftItem.minecraft.quartz_block":55,"achievement.exploreAllBiomes":{"value":0,"progress":["Plains"]},"stat.craftingTableInteraction":2}