{"stat.chestOpened":2,"stat.walkOneCm":38153,"stat.craftItem.minecraft.sign":1,"achievement.openInventory":10,"stat.craftItem.minecraft.carpet":116,"stat.useItem.minecraft.egg":1,"stat.leaveGame":2,"stat.pickup.minecraft.carpet":1,"stat.craftItem.minecraft.quartz_block":4,"stat.craftItem.minecraft.wool":20,"stat.flyOneCm":251,"stat.jump":11,"stat.playOneMinute":7071,"stat.timeSinceDeath":7071,"stat.craftItem.minecraft.torch":2,"stat.sprintOneCm":610,"achievement.exploreAllBiomes":{"value":0,"progress":["Plains"]}}