{"stat.chestOpened":7,"stat.pickup.minecraft.bowl":64,"stat.walkOneCm":10871,"stat.pickup.minecraft.milk_bucket":2,"stat.pickup.minecraft.brown_mushroom":64,"stat.jump":22,"stat.pickup.minecraft.egg":62,"stat.playOneMinute":8000,"stat.climbOneCm":658,"achievement.openInventory":6,"stat.pickup.minecraft.beef":64,"stat.pickup.minecraft.torch":1,"stat.leaveGame":2,"stat.pickup.minecraft.porkchop":64,"stat.furnaceInteraction":4,"stat.pickup.minecraft.bucket":1,"stat.timeSinceDeath":8000,"stat.pickup.minecraft.dirt":1,"stat.mineBlock.minecraft.dirt":1,"achievement.exploreAllBiomes":{"value":0,"progress":["Plains"]},"stat.pickup.minecraft.dye":127,"stat.craftingTableInteraction":5}