{"stat.craftItem.minecraft.stone_slab":19,"stat.chestOpened":17,"stat.drop.minecraft.mutton":1,"stat.walkOneCm":44176,"stat.leaveGame":6,"stat.drop.minecraft.porkchop":4,"stat.craftItem.minecraft.crafting_table":1,"stat.furnaceInteraction":6,"stat.craftItem.minecraft.quartz_stairs":6,"stat.drop.minecraft.wool":1,"stat.craftItem.minecraft.quartz_block":33,"stat.craftItem.minecraft.wool":12,"stat.drop.minecraft.stone_slab":1,"stat.jump":70,"stat.fallOneCm":627,"stat.drop.minecraft.stone":1,"stat.pickup.minecraft.porkchop":4,"stat.crouchOneCm":3,"stat.craftItem.minecraft.chest":4,"stat.craftItem.minecraft.torch":6,"stat.sprintOneCm":45428,"achievement.exploreAllBiomes":{"value":0,"progress":["Plains"]},"stat.craftingTableInteraction":2,"stat.craftItem.minecraft.furnace":1,"achievement.openInventory":25,"stat.craftItem.minecraft.stone":19,"stat.damageTaken":110,"stat.craftItem.minecraft.cooked_beef":2,"stat.flyOneCm":15048,"stat.deaths":2,"stat.drop":11,"stat.playOneMinute":18908,"stat.pickup.minecraft.torch":1,"stat.useItem.minecraft.cooked_beef":1,"stat.sneakTime":19,"stat.pickup.minecraft.wool":1,"stat.timeSinceDeath":11275,"stat.drop.minecraft.torch":2,"stat.pickup.minecraft.mutton":1}