{"stat.chestOpened":12,"stat.craftItem.minecraft.iron_block":71,"stat.walkOneCm":133490,"stat.craftItem.minecraft.sign":5,"stat.leaveGame":2,"stat.craftItem.minecraft.quartz_block":132,"stat.jump":35,"stat.craftItem.minecraft.stone_button":2,"stat.crouchOneCm":7554,"stat.craftItem.minecraft.torch":112,"stat.craftItem.minecraft.chest":2,"stat.sprintOneCm":115,"achievement.exploreAllBiomes":{"value":0,"progress":["Plains"]},"achievement.openInventory":50,"stat.craftItem.minecraft.dirt":1,"stat.craftItem.minecraft.wooden_button":4,"stat.mineBlock.minecraft.torch":1,"stat.mobKills":1,"stat.craftItem.minecraft.heavy_weighted_pressure_plate":1,"stat.craftItem.minecraft.glowstone":8,"stat.flyOneCm":34663,"stat.playOneMinute":45846,"stat.craftItem.minecraft.item_frame":26,"stat.pickup.minecraft.torch":1,"stat.sneakTime":1685,"stat.craftItem.minecraft.glass":325,"stat.damageDealt":86,"stat.timeSinceDeath":45846,"stat.craftItem.minecraft.iron_door":1}