{"stat.chestOpened":4,"stat.craftItem.minecraft.iron_block":1,"stat.walkOneCm":50847,"stat.craftItem.minecraft.ladder":5,"achievement.openInventory":27,"stat.craftItem.minecraft.planks":31,"stat.useItem.minecraft.egg":2,"stat.leaveGame":1,"stat.craftItem.minecraft.quartz_stairs":5,"stat.craftItem.minecraft.quartz_block":240,"stat.craftItem.minecraft.acacia_fence":10,"stat.craftItem.minecraft.glowstone":4,"stat.flyOneCm":17533,"stat.jump":15,"stat.pickup.minecraft.egg":16,"stat.playOneMinute":28771,"stat.craftItem.minecraft.item_frame":82,"stat.climbOneCm":418,"stat.pickup.minecraft.torch":8,"stat.sneakTime":586,"stat.crouchOneCm":2297,"stat.timeSinceDeath":28771,"stat.craftItem.minecraft.torch":72,"stat.sprintOneCm":1737,"achievement.exploreAllBiomes":{"value":0,"progress":["Plains"]},"stat.craftingTableInteraction":1}